id,nom,llinatge,username,email,password,foto,fotoMimeType
1,Zhì,Point,wpoint0,cpoint0@nifty.com,ib3YTArZlu,http://dummyimage.com/368x383.png/5fa2dd/ffffff,image/png
2,Méng,Pinkett,jpinkett1,cpinkett1@sitemeter.com,iNKYHNEfL,http://dummyimage.com/379x302.png/5fa2dd/ffffff,image/png
3,Frédérique,Biermatowicz,abiermatowicz2,gbiermatowicz2@slideshare.net,2Op5zl2hEh,http://dummyimage.com/216x387.png/dddddd/000000,image/png
4,Marie-noël,Hooke,shooke3,ghooke3@china.com.cn,fVOYjv,http://dummyimage.com/379x378.png/ff4444/ffffff,image/png
5,Illustrée,Rostern,hrostern4,mrostern4@about.me,HrIWqCu77E,http://dummyimage.com/232x376.png/cc0000/ffffff,image/png
6,Lauréna,Grendon,bgrendon5,rgrendon5@dyndns.org,pOxX4Qsyp,http://dummyimage.com/329x398.png/5fa2dd/ffffff,image/png
7,Maïté,Bricknell,bbricknell6,tbricknell6@mapy.cz,J9lnrn,http://dummyimage.com/292x370.png/5fa2dd/ffffff,image/png
8,Bérengère,Nation,jnation7,knation7@squidoo.com,41nh47WfUl,http://dummyimage.com/385x383.png/cc0000/ffffff,image/png
9,Göran,Stiegars,astiegars8,vstiegars8@illinois.edu,urvNtT4n,http://dummyimage.com/222x296.png/ff4444/ffffff,image/png
10,Dorothée,Kener,hkener9,jkener9@latimes.com,H1i97xTUwDo,http://dummyimage.com/333x302.png/dddddd/000000,image/png
